fold,model,variant,accuracy,precision,recall,f1,auc,threshold
0,Passive Aggressive,base,0.9906621392190152,0.968421052631579,0.92,0.9435897435897436,0.9938775510204081,
0,Passive Aggressive,tuned,0.9796264855687606,0.8220338983050848,0.97,0.8899082568807339,0.9938775510204081,-1.0094599156931674
