fold,model,variant,accuracy,precision,recall,f1,auc,threshold
0,Linear SVM,base,0.9877738155883852,0.949685534591195,0.9041916167664671,0.9263803680981595,0.9972060333675633,
0,Linear SVM,tuned,0.9801324503311258,0.8232323232323232,0.9760479041916168,0.8931506849315068,0.9972060333675633,-0.5564458957565948
