fold,model,variant,accuracy,precision,recall,f1,auc,threshold
0,Support Vector Machine,base,0.9745244565217391,0.9271844660194175,0.7609561752988048,0.8358862144420132,0.9954863057979741,
0,Support Vector Machine,tuned,0.9775815217391305,0.8135593220338984,0.9561752988047809,0.8791208791208791,0.9954863057979741,0.06822664195364063
