fold,model,variant,accuracy,precision,recall,f1,auc,threshold
0,Naive Bayes,base,0.9271523178807947,1.0,0.1437125748502994,0.2513089005235602,0.9474414200552126,
0,Naive Bayes,tuned,0.9673968415690269,0.8280254777070064,0.7784431137724551,0.8024691358024691,0.9474414200552126,0.005365448738691425
