fold,model,variant,accuracy,precision,recall,f1,auc,threshold
0,Decision Tree,base,0.9735099337748344,0.8758169934640523,0.8023952095808383,0.8375,0.8959080724964325,
0,Decision Tree,tuned,0.9735099337748344,0.8758169934640523,0.8023952095808383,0.8375,0.8959080724964325,1.0
