fold,model,variant,accuracy,precision,recall,f1,auc,threshold
0,Complement Naive Bayes,base,0.9617996604414262,0.9824561403508771,0.56,0.7133757961783439,0.9569573283858998,
0,Complement Naive Bayes,tuned,0.966893039049236,0.8210526315789474,0.78,0.8,0.9569573283858998,0.04260001829951191
