fold,model,variant,accuracy,precision,recall,f1,auc,threshold
0,Logistic Regression,base,0.9770759042282221,0.8426966292134831,0.8982035928143712,0.8695652173913043,0.9929050584799222,
0,Logistic Regression,tuned,0.9765664798777381,0.8418079096045198,0.8922155688622755,0.8662790697674418,0.9929050584799222,0.5129567006541642
