fold,model,variant,accuracy,precision,recall,f1,auc,threshold
0,Logistic Regression,base,0.9804753820033956,0.8737864077669902,0.9,0.8866995073891626,0.9943135435992578,
0,Logistic Regression,tuned,0.9813242784380306,0.8679245283018868,0.92,0.8932038834951457,0.9943135435992578,0.4344907136607475
