fold,model,variant,accuracy,precision,recall,f1,auc,threshold
0,Random Forest,base,0.9709628120224146,0.9230769230769231,0.718562874251497,0.8080808080808081,0.992673339290239,
0,Random Forest,tuned,0.9775853285787061,0.8121827411167513,0.9580838323353293,0.8791208791208791,0.992673339290239,0.14799999999999955
