fold,model,variant,accuracy,precision,recall,f1,auc,threshold
0,Bernoulli Naive Bayes,base,0.9093224656138563,0.45132743362831856,0.30538922155688625,0.36428571428571427,0.9406232079271302,
