fold,model,variant,accuracy,precision,recall,f1,auc,threshold
0,Complement Naive Bayes,base,0.9643463497453311,0.9833333333333333,0.59,0.7375,0.9602133580705009,
0,Complement Naive Bayes,tuned,0.9702886247877759,0.8421052631578947,0.8,0.8205128205128205,0.9602133580705009,0.04562461559661493
