fold,model,variant,accuracy,precision,recall,f1,auc,threshold
0,Naive Bayes,base,0.9261460101867572,1.0,0.13,0.23008849557522124,0.9569573283858998,
0,Naive Bayes,tuned,0.966893039049236,0.8210526315789474,0.78,0.8,0.9569573283858998,0.004124681519779858
