fold,model,variant,accuracy,precision,recall,f1,auc,threshold
0,Support Vector Machine,base,0.978604177279674,0.9370629370629371,0.8023952095808383,0.864516129032258,0.9929217289252231,
0,Support Vector Machine,tuned,0.9816607233825777,0.8324873096446701,0.9820359281437125,0.9010989010989011,0.9929217289252231,0.057724431343312024
