fold,model,variant,accuracy,precision,recall,f1,auc,threshold
0,SGD Classifier,base,0.9889643463497453,0.9578947368421052,0.91,0.9333333333333333,0.9929962894248607,
0,SGD Classifier,tuned,0.9796264855687606,0.8220338983050848,0.97,0.8899082568807339,0.9929962894248607,-0.7463590357763138
