fold,model,variant,accuracy,precision,recall,f1,auc,threshold
0,SGD Classifier,base,0.9889643463497453,0.9578947368421052,0.91,0.9333333333333333,0.9947402597402597,
0,SGD Classifier,tuned,0.9796264855687606,0.8220338983050848,0.97,0.8899082568807339,0.9947402597402597,-0.9147775973633818
