fold,model,variant,accuracy,precision,recall,f1,auc,threshold
0,Passive Aggressive,base,0.9906621392190152,0.968421052631579,0.92,0.9435897435897436,0.99347866419295,
0,Passive Aggressive,tuned,0.9796264855687606,0.8220338983050848,0.97,0.8899082568807339,0.99347866419295,-1.0224681066710544
