fold,model,variant,accuracy,precision,recall,f1,auc,threshold
0,Random Forest,base,0.9779286926994907,0.9625,0.77,0.8555555555555555,0.9969294990723562,
0,Random Forest,tuned,0.9779286926994907,0.8135593220338984,0.96,0.8807339449541285,0.9969294990723562,0.13299999999999956
