fold,model,variant,accuracy,precision,recall,f1,auc,threshold
0,Bernoulli Naive Bayes,base,0.9176570458404074,0.5245901639344263,0.32,0.39751552795031053,0.9445593692022264,
